K, Mode, Time, ObjFun
10,0,9.295264,56337.972656
10,1,0.184058,56337.972656
10,2,20.936316,56337.972656
10,3,4.944936,56337.972656
