K,Mode,Time,ObjFun
4,0,1.106282,720771.812500
4,1,0.243191,720771.812500
4,2,0.401866,720771.812500
4,3,0.371572,720771.812500
4,0,0.893039,720796.875000
4,1,0.266104,720796.875000
4,2,28.220402,720796.875000
4,3,37.970695,720796.875000
4,0,0.733997,7065494.000000
4,1,0.271979,7065494.000000
4,2,0.445129,7065494.000000
4,3,2.014674,7065494.000000
