K,Mode,Time,ObjFun
4,0,1.106282,720771.812500
4,1,0.243191,720771.812500
4,2,0.401866,720771.812500
4,3,0.371572,720771.812500
